JaiAlves1726;Jaime Alves
JaiAlves1885;Jaime Alves
JaimAmaral;Jaime Amaral
JAnjos;Jaime Anjos
JAzevedo;Jaime Azevedo
JaimBarros;Jaime Barros
JaBrito;Jaime Brito
JaCarvalho-Vieira349;Jaime Carvalho-Vieira
JCastro476;Jaime Castro
JCoelho;Jaime Coelho
JCosta1289;Jaime Costa
JaCruz-Branco;Jaime Cruz-Branco
JaiGaspar;Jaime da Gaspar
JaimMacedo;Jaime da Macedo
JMagalhães;Jaime de Magalhães
JaimBatista;Jaime do Batista
JaiMendes;Jaime do Mendes
JaFaria;Jaime Faria
JaimFernandes800;Jaime Fernandes
JaFerreira1026;Jaime Ferreira
JaiFerreira;Jaime Ferreira
JaimFigueiredo1189;Jaime Figueiredo
JaimFonseca2017;Jaime Fonseca
JFonseca655;Jaime Fonseca
JaimGomes1856;Jaime Gomes
JaHenriques1569;Jaime Henriques
JaimLeal;Jaime Leal
JaimLoureiro;Jaime Loureiro
JaMacedo1510;Jaime Macedo
JMacedo;Jaime Macedo
JaimMatias;Jaime Matias
JMiranda204;Jaime Miranda
JaMonteiro;Jaime Monteiro
JaiMoreira-Domingues335;Jaime Moreira-Domingues
JaiNeto;Jaime Neto
JaiNeto64;Jaime Neto
JaiNogueira;Jaime Nogueira
JNunes;Jaime Nunes
JaiPacheco-Costa1783;Jaime Pacheco-Costa
JaPinto1451;Jaime Pinto
JaRibeiro1308;Jaime Ribeiro
JaimSantos;Jaime Santos
JaiSilva453;Jaime Silva
JSimões44;Jaime Simões
JaiSousa753;Jaime Sousa
JaiValente1852;Jaime Valente
JaimVaz;Jaime Vaz
JésAntunes;Jéssica Antunes
JéssAntunes;Jéssica Antunes
JéssiAraújo;Jéssica Araújo
JéssiAssunção-Lima65;Jéssica Assunção-Lima
JésAzevedo;Jéssica Azevedo
JéssicBarros1522;Jéssica Barros
JéssBatista;Jéssica Batista
JéssiBatista;Jéssica Batista
JésBorges298;Jéssica Borges
JBranco1918;Jéssica Branco
JésBrito;Jéssica Brito
JéssiBrito;Jéssica Brito
JéssCampos501;Jéssica Campos
JéCardoso;Jéssica Cardoso
JéCardoso1272;Jéssica Cardoso
JéssiCarneiro;Jéssica Carneiro
JéCarvalho894;Jéssica Carvalho
JésCoelho;Jéssica Coelho
JésCoelho903;Jéssica Coelho
JéssicCorreia257;Jéssica Correia
JésCosta986;Jéssica Costa
JéssicLourenço;Jéssica do Lourenço
JésNogueira;Jéssica do Nogueira
JéssFernandes2006;Jéssica Fernandes
JéssiFernandes1360;Jéssica Fernandes
JFernandes-Pereira;Jéssica Fernandes-Pereira
JéssicFreitas-Matos1297;Jéssica Freitas-Matos
JéGarcia;Jéssica Garcia
JéssiGaspar;Jéssica Gaspar
JésGomes;Jéssica Gomes
JéHenriques724;Jéssica Henriques
JéssiMacedo-Mota987;Jéssica Macedo-Mota
JéssicMachado-Henriques1986;Jéssica Machado-Henriques
JéssMagalhães1454;Jéssica Magalhães
JéssicMiranda;Jéssica Miranda
JMoreira;Jéssica Moreira
JéssiMota576;Jéssica Mota
JéssMoura;Jéssica Moura
JéssMoura1725;Jéssica Moura
JéssicPacheco41;Jéssica Pacheco
JéssicPereira857;Jéssica Pereira
JPereira;Jéssica Pereira
JPinheiro1825;Jéssica Pinheiro
JéssPinho85;Jéssica Pinho
JéssicRamos1385;Jéssica Ramos
JéssiRodrigues;Jéssica Rodrigues
JéssSimões702;Jéssica Simões
JSimões;Jéssica Simões
JéssiTavares910;Jéssica Tavares
JéssicVicente603;Jéssica Vicente
JéVicente;Jéssica Vicente
JoAbreu1135;Joana Abreu
JoanAlves-Moreira1339;Joana Alves-Moreira
JoaAmaral;Joana Amaral
JAmorim-Vaz864;Joana Amorim-Vaz
JoaAssunção;Joana Assunção
JBranco;Joana Branco
JoanBranco1572;Joana Branco
JBrito996;Joana Brito
JCarneiro;Joana Carneiro
JoaCoelho-Magalhães;Joana Coelho-Magalhães
JoCunha;Joana Cunha
JoaRibeiro1200;Joana da Ribeiro
JoaPinho;Joana de Pinho
JoanReis1507;Joana de Reis
JoaDomingues886;Joana do Domingues
JoanDomingues510;Joana do Domingues
JoSoares452;Joana do Soares
JVieira1895;Joana-Érica Vieira
JoaFerreira;Joana Ferreira
JoanFerreira1022;Joana Ferreira
JHenriques1230;Joana Henriques
JoaHenriques;Joana Henriques
JoanaVieira118;Joana-Kyara Vieira
JLeite;Joana Leite
JoanLeite;Joana Leite
JoaPinheiro;Joana-Letícia Pinheiro
JoanLoureiro;Joana Loureiro
Joana-Machado;Joana-Mara Machado
JoanMartins;Joana Martins
JoaMatias799;Joana Matias
JoanMatos1856;Joana Matos
JoaMatos-Macedo1211;Joana Matos-Macedo
JoaMelo-Morais216;Joana Melo-Morais
JMiranda1025;Joana Miranda
JMiranda933;Joana Miranda
JMonteiro1395;Joana Monteiro
JMorais;Joana Morais
JoaMoura-Gomes788;Joana Moura-Gomes
JoanaAbreu967;Joana-Naiara Abreu
JoanNascimento647;Joana Nascimento
JNeto670;Joana Neto
JoaPereira911;Joana Pereira
JoPereira638;Joana Pereira
JPinto1854;Joana Pinto
JoPinto-Machado;Joana Pinto-Machado
JoanRamos;Joana Ramos
JoaRamos;Joana Ramos
JoanRodrigues;Joana Rodrigues
JSilva613;Joana Silva
JoaSoares;Joana Soares
JSoares930;Joana Soares
JoanTorres1274;Joana Torres
JoaVicente;Joana Vicente
JoãAlmeida-Marques1568;João Almeida-Marques
JoAndrade370;João Andrade
JoAnjos;João Anjos
JAntunes1428;João Antunes
JoãAntunes-Jesus1635;João Antunes-Jesus
JAraújo;João Araújo
JAzevedo1590;João Azevedo
JBaptista;João Baptista
JBarbosa1949;João Barbosa
JoãBatista;João Batista
JoBatista;João Batista
JoãCardoso;João Cardoso
JCarvalho;João Carvalho
JCoelho1527;João Coelho
JoCoelho-Miranda;João Coelho-Miranda
JCorreia;João Correia
JCorreia1525;João Correia
JMatias565;João da Matias
JoPinto1443;João da Pinto
JoãAbreu1543;João de Abreu
JAlves1066;João de Alves
JoãAndrade1786;João de Andrade
JVieira;João de Vieira
JoLeal;João do Leal
JoNeves1659;João do Neves
JoãFaria;João Faria
JFonseca943;João Fonseca
JoãFreitas-Pacheco1654;João Freitas-Pacheco
JGaspar-Gomes;João Gaspar-Gomes
JGomes1452;João Gomes
JoGonçalves1914;João Gonçalves
JGuerreiro;João Guerreiro
JoãLeite2;João Leite
JMagalhães124;João Magalhães
JMatos1960;João Matos
JoMelo;João Melo
JoMelo-Esteves;João Melo-Esteves
JoãMiranda1515;João Miranda
JoãPacheco;João Pacheco
JoãPinto;João Pinto
JPinto;João Pinto
JoãPires;João Pires
JRibeiro83;João Ribeiro
JRodrigues51;João Rodrigues
JoSantos;João Santos
JoãSimões1469;João Simões
JoValente1812;João Valente
JVicente1627;João Vicente
JoãVieira;João Vieira
JAlmeida;Joaquim Almeida
JoaquiAlves-Campos;Joaquim Alves-Campos
JoAmorim;Joaquim Amorim
JoaAntunes424;Joaquim Antunes
JoaAzevedo;Joaquim Azevedo
JBarbosa475;Joaquim Barbosa
JoaquBarbosa;Joaquim Barbosa
JoaBarros1523;Joaquim Barros
JoaqBranco;Joaquim Branco
JoaCampos94;Joaquim Campos
JoaCarneiro;Joaquim Carneiro
JoCoelho222;Joaquim Coelho
JoaCorreia1735;Joaquim Correia
JoaqCorreia1236;Joaquim Correia
JoaquCruz306;Joaquim Cruz
JoaqAnjos;Joaquim da Anjos
JoBatista1143;Joaquim da Batista
JoaMoreira;Joaquim da Moreira
JoaqRodrigues1204;Joaquim da Rodrigues
JoaAlves298;Joaquim de Alves
JoaquCastro;Joaquim de Castro
JoaNeto;Joaquim de Neto
JoaqMachado;Joaquim do Machado
JoaSoares994;Joaquim do Soares
JFigueiredo;Joaquim Figueiredo
JoaquiGarcia431;Joaquim Garcia
JoGarcia;Joaquim Garcia
JGomes-Faria27;Joaquim Gomes-Faria
JoaqHenriques;Joaquim Henriques
JoaLeite1255;Joaquim Leite
JoaquiLima-Campos;Joaquim Lima-Campos
JLopes;Joaquim Lopes
JoaquLoureiro1954;Joaquim Loureiro
JoaMagalhães;Joaquim Magalhães
JMaia549;Joaquim Maia
JMarques;Joaquim Marques
JoaquiMarques;Joaquim Marques
JoaquiMartins;Joaquim Martins
JoMartins662;Joaquim Martins
JoaquMartins-Assunção;Joaquim Martins-Assunção
JoaquMelo;Joaquim Melo
JoaqMonteiro;Joaquim Monteiro
JoaqNascimento-Cruz1847;Joaquim Nascimento-Cruz
JPacheco;Joaquim Pacheco
JoaPaiva434;Joaquim Paiva
JoaquiPaiva1547;Joaquim Paiva
JoaquPinho;Joaquim Pinho
JoaqRamos927;Joaquim Ramos
JoaquiRocha;Joaquim Rocha
JRodrigues;Joaquim Rodrigues
JoaquiSá1977;Joaquim Sá
JoaqSantos;Joaquim Santos
JoSilva;Joaquim Silva
JoaquiSousa13;Joaquim Sousa
JoaqVaz;Joaquim Vaz
JoaqVicente1430;Joaquim Vicente
JoAbreu;Joel Abreu
JAnjos1357;Joel Anjos
JoAnjos1643;Joel Anjos
JoeAnjos;Joel Anjos
JAssunção;Joel Assunção
JoBarbosa;Joel Barbosa
JoeBarros-Batista17;Joel Barros-Batista
JoBorges709;Joel Borges
JCarneiro1146;Joel Carneiro
JoeCarvalho1359;Joel Carvalho
JoeCorreia;Joel Correia
JoCruz;Joel Cruz
JMorais1371;Joel da Morais
JFaria794;Joel de Faria
JoeMacedo;Joel de Macedo
JoePacheco;Joel de Pacheco
JoePaiva1125;Joel de Paiva
JMaia915;Joel do Maia
JoDomingues536;Joel Domingues
JoeDomingues;Joel Domingues
JoPinho;Joel do Pinho
JFaria;Joel Faria
JoFernandes1667;Joel Fernandes
JoFernandes259;Joel Fernandes
JoeFerreira1675;Joel Ferreira
JoFreitas1006;Joel Freitas
JoFreitas-Anjos284;Joel Freitas-Anjos
JoeHenriques;Joel Henriques
JoLeal1076;Joel Leal
JoeLourenço1384;Joel Lourenço
JoeMacedo270;Joel Macedo
JoMachado291;Joel Machado
JoeMaia1821;Joel Maia
JoeMartins375;Joel Martins
JoMartins;Joel Martins
JMatos331;Joel Matos
JMelo;Joel Melo
JoMiranda1397;Joel Miranda
JoMoura215;Joel Moura
JoNeves;Joel Neves
JoPaiva;Joel Paiva
JoePinho;Joel Pinho
JoePires1247;Joel Pires
JoePires216;Joel Pires
JoPires389;Joel Pires
JoRamos818;Joel Ramos
JoReis1952;Joel Reis
JoRodrigues;Joel Rodrigues
JoeSantos698;Joel Santos
JoSoares;Joel Soares
JoeTavares;Joel Tavares
JorAlves;Jorge Alves
JoAndrade;Jorge Andrade
JorgAndrade;Jorge Andrade
JorgAntunes1903;Jorge Antunes
JorgAssunção;Jorge Assunção
JAzevedo-Marques193;Jorge Azevedo-Marques
JoBarros;Jorge Barros
JorgBarros109;Jorge Barros
JorgBrito1098;Jorge Brito
JorCarneiro1985;Jorge Carneiro
JorgCarvalho1725;Jorge Carvalho
JoCarvalho-Gaspar;Jorge Carvalho-Gaspar
JCastro1495;Jorge Castro
JCoelho1805;Jorge Coelho
JorCorreia;Jorge Correia
JorgCorreia;Jorge Correia
JorAnjos1737;Jorge da Anjos
JorAzevedo1573;Jorge da Azevedo
JorgPires1430;Jorge da Pires
JorGaspar1843;Jorge de Gaspar
JoMarques1059;Jorge de Marques
JorgMota;Jorge de Mota
JNunes1414;Jorge de Nunes
JDomingues-Rodrigues;Jorge Domingues-Rodrigues
JorEsteves1477;Jorge Esteves
JorFaria;Jorge Faria
JFernandes1355;Jorge Fernandes
JoFigueiredo1192;Jorge Figueiredo
JorgGomes80;Jorge Gomes
JGonçalves;Jorge Gonçalves
JoGuerreiro1940;Jorge Guerreiro
JorHenriques1935;Jorge Henriques
JorHenriques-Simões;Jorge Henriques-Simões
JorgJesus343;Jorge Jesus
JorLeal;Jorge Leal
JorgLeite;Jorge Leite
JorgLima1457;Jorge Lima
JLoureiro;Jorge Loureiro
JorgLoureiro285;Jorge Loureiro
JorgMachado;Jorge Machado
JorgMagalhães;Jorge Magalhães
JorMendes;Jorge Mendes
JMiranda-Jesus1446;Jorge Miranda-Jesus
JMorais1657;Jorge Morais
JorgMorais;Jorge Morais
JorMorais-Torres;Jorge Morais-Torres
JoMota;Jorge Mota
JorgPacheco;Jorge Pacheco
JoPereira;Jorge Pereira
JorgRocha;Jorge Rocha
JoRocha977;Jorge Rocha
JoTavares588;Jorge Tavares
JValente;Jorge Valente
JorgVieira;Jorge Vieira
JoVieira;Jorge Vieira
JVieira733;Jorge Vieira
JAbreu-Silva1177;José Abreu-Silva
JAlmeida1249;José Almeida
JosCardoso-Fonseca870;José Cardoso-Fonseca
JCastro290;José Castro
JoCorreia-Rodrigues881;José Correia-Rodrigues
JoCruz1539;José Cruz
JosFernandes1100;José da Fernandes
JoRocha1446;José da Rocha
JLoureiro1125;José de Loureiro
JCampos1575;José do Campos
JosLeal;José do Leal
JosMonteiro1113;José do Monteiro
JEsteves;José Esteves
JoFonseca403;José Fonseca
JosFonseca;José Fonseca
JFreitas189;José Freitas
JGarcia1297;José Garcia
JGaspar;José Gaspar
JosGomes;José Gomes
JosGonçalves599;José Gonçalves
JJesus322;José Jesus
JosJesus;José Jesus
JoLopes;José Lopes
JosLopes1217;José Lopes
JoMacedo1335;José Macedo
JoMagalhães;José Magalhães
JosMagalhães395;José Magalhães
JosMaia;José Maia
JoMarques;José Marques
JMartins;José Martins
JosMelo1395;José Melo
JoMendes;José Mendes
JMiranda;José Miranda
JMiranda-Machado;José Miranda-Machado
JoMorais1581;José Morais
JMota;José Mota
JMoura;José Moura
JNeto458;José Neto
JosNogueira26;José Nogueira
JOliveira1146;José Oliveira
JoOliveira-Jesus;José Oliveira-Jesus
JPaiva;José Paiva
JosPereira;José Pereira
JosPereira1777;José Pereira
JosPinheiro;José Pinheiro
JPinheiro1174;José Pinheiro
JPires;José Pires
JosPires-Sá;José Pires-Sá
JReis;José Reis
JReis126;José Reis
JosRocha;José Rocha
JosRodrigues;José Rodrigues
JosSilva1476;José Silva
JSilva;José Silva
JSilva1143;José Silva
JosSousa-Cruz;José Sousa-Cruz
JosTorres;José Torres
JVaz-Carneiro867;José Vaz-Carneiro
JAlves1972;Júlia Alves
JAmaral1175;Júlia Amaral
JúAmorim1371;Júlia Amorim
JúliAssunção-Pinto437;Júlia Assunção-Pinto
JúBarbosa1324;Júlia Barbosa
JúlBarbosa190;Júlia Barbosa
JúlCardoso768;Júlia Cardoso
JúliCruz330;Júlia Cruz
JúVieira1133;Júlia da Vieira
JúBrito;Júlia de Brito
JúlJesus;Júlia do Jesus
Júlia-GabrielBorges999;Júlia-Gabriela Borges
JúGarcia1106;Júlia Garcia
JúlGarcia1777;Júlia Garcia
JúliGomes;Júlia Gomes
JúliGuerreiro2020;Júlia Guerreiro
JúliLeite1057;Júlia Leite
JúMacedo102;Júlia Macedo
JúliMachado;Júlia Machado
JMaia;Júlia Maia
JulAlves1633;Juliana Alves
JAndrade;Juliana Andrade
JulAnjos;Juliana Anjos
JulAntunes931;Juliana Antunes
JBatista;Juliana Batista
JuliaBatista;Juliana Batista
JuliBatista1204;Juliana Batista
Juliana-Branco;Juliana-Bianca Branco
JuCarvalho;Juliana Carvalho
JuCastro1012;Juliana Castro
Juliana-CHenriques;Juliana-Catarina Henriques
JuAlmeida;Juliana da Almeida
JuliaAndrade1578;Juliana da Andrade
JMachado;Juliana da Machado
JuFonseca633;Juliana do Fonseca
JuliaEsteves1901;Juliana Esteves
JuGaspar;Juliana Gaspar
JHenriques827;Juliana Henriques
Juliana-JéssiCastro;Juliana-Jéssica Castro
JuliJesus-Carvalho1274;Juliana Jesus-Carvalho
JuliMaia1685;Juliana Maia
JuliaMaia-Fernandes1374;Juliana Maia-Fernandes
JuMartins845;Juliana Martins
JuMartins-Ribeiro;Juliana Martins-Ribeiro
JuliMatias;Juliana Matias
JuMonteiro1793;Juliana Monteiro
JulMoreira;Juliana Moreira
JuMoura;Juliana Moura
JuliNascimento930;Juliana Nascimento
JulianPinto1971;Juliana Pinto
JuliPires;Juliana Pires
JulianRocha1294;Juliana Rocha
JulianSilva-Figueiredo1754;Juliana Silva-Figueiredo
JuliaTavares;Juliana Tavares
JTavares-Cunha;Juliana Tavares-Cunha
JulianTorres;Juliana Torres
JúNeto-Carneiro931;Júlia Neto-Carneiro
JúlNeves1717;Júlia Neves
JúliOliveira;Júlia Oliveira
JúOliveira1463;Júlia Oliveira
JúPinho;Júlia Pinho
JúPinto1027;Júlia Pinto
JúliRamos-Nogueira;Júlia Ramos-Nogueira
Júlia-RaBaptista1680;Júlia-Raquel Baptista
JúRodrigues1800;Júlia Rodrigues
JúSá;Júlia Sá
JúliSantos351;Júlia Santos
Júlia-SarMelo;Júlia-Sara Melo
JúlSilva497;Júlia Silva
JúliValente-Neves;Júlia Valente-Neves
JúlBarbosa1649;Júlia-Valentina Barbosa
JVicente;Júlia Vicente
JúliAnjos306;Júlia-Violeta Anjos
